species_id,common_name,alt_name,scientific_name,leaf_habit,crown_shape,growth_rate,mature_height_m,mature_crown_diameter_m,crown_area_m2_mature,lai_mature,leaf_area_m2_mature,spacing_m,planting_area_per_tree_m2,min_site_width_m,min_building_distance_m,leaf_on_frac_winter_nov_feb,leaf_on_frac_mar_oct,leaf_on_frac_annual,canopy_frac_yr1,canopy_frac_yr3,canopy_frac_yr5,canopy_frac_yr10,canopy_frac_yr20,pm_capture_index,pollution_tolerance_index,dep_velocity_pm25_cm_s,dep_velocity_pm10_cm_s,resuspension_frac,pm25_removal_g_yr_mature_at_100ugm3,pm10_removal_g_yr_mature_at_200ugm3,bvoc_penalty_index,bvoc_class,air_cooling_c_scenario,mrt_reduction_c_scenario,summer_shade_effectiveness,surface_temp_reduction_c_under_canopy,water_multiplier,irrigation_L_per_week_yr1_3,irrigation_weeks_per_yr_yr1_3,irrigation_L_per_yr_yr1_3,irrigation_L_per_yr_yr4plus,drought_tolerance,heat_tolerance,waterlogging_tolerance,root_damage_risk,native_delhi_list,local_suitability_score,suitable_verge,suitable_park_edge,suitable_institutional,suitable_median,survival_yr1,survival_yr5,survival_yr10,sapling_cost_inr,planting_cost_inr,tree_guard_cost_inr,maint_cost_yr1_inr,maint_cost_yr2_inr,maint_cost_yr3_7_inr_per_yr,maint_cost_7yr_inr,total_cost_7yr_inr,maint_cost_yr8plus_inr_per_yr,evidence_morphology,evidence_phenology,evidence_pm_capture,evidence_pm_removal_model,evidence_tolerance,evidence_bvoc,evidence_cooling,evidence_water,evidence_survival,evidence_cost,evidence_suitability,synthetic_groups
NEEM,Neem,Neem / Nimb,Azadirachta indica,semi-evergreen,rounded,fast,16,9,63.6,4.0,254.0,8,64,3.0,4.5,0.95,0.85,0.883,0.03,0.15,0.4,0.85,1.0,0.65,0.85,0.148,0.755,0.5,523.0,5352.0,0.05,none_detected,1.1,2.3,0.73,4.1,0.8,48,36,1728,720,0.9,0.9,0.5,0.4,1,0.93,1,1,1,0,0.88,0.82,0.77,700,500,1500,540,360,225,2025,4725,135,EST,EST,LIT_DERIVED,EST,LIT_DERIVED,LIT,LIT,EST,EST,EST,LIT_DERIVED,morphology;phenology;pm_removal_model;water;survival;cost
ARJUN,Arjun,Arjun,Terminalia arjuna,semi-evergreen,spreading,medium,20,12,113.1,3.5,396.0,10,100,4.0,6.0,0.75,0.9,0.85,0.02,0.1,0.28,0.65,1.0,0.7,0.8,0.155,0.79,0.5,822.0,8382.0,0.1,low,1.0,2.1,0.74,3.8,1.3,78,36,2808,1170,0.55,0.8,0.9,0.4,1,0.81,0,1,1,0,0.8,0.74,0.7,1000,500,1500,690,460,288,2590,5590,172,EST,EST,LIT_DERIVED,EST,LIT_DERIVED,LIT_DERIVED,EST,EST,EST,EST,LIT_DERIVED,morphology;phenology;pm_removal_model;cooling;water;survival;cost
AMALTAS,Amaltas,Golden shower,Cassia fistula,deciduous,spreading_open,medium,12,7,38.5,2.5,96.0,6,36,3.0,3.5,0.5,0.75,0.667,0.02,0.1,0.28,0.65,1.0,0.6,0.8,0.14,0.72,0.5,142.0,1456.0,0.05,none_detected,0.6,1.3,0.54,2.2,0.9,54,36,1944,810,0.7,0.85,0.5,0.3,1,0.85,1,1,1,1,0.82,0.76,0.72,900,500,1500,570,380,238,2140,5040,142,EST,EST,LIT_DERIVED,EST,LIT_DERIVED,LIT,EST,EST,EST,EST,LIT_DERIVED,morphology;phenology;pm_removal_model;cooling;water;survival;cost
ASHOKA,Ashoka (false ashoka),Ashok,Polyalthia longifolia,evergreen,narrow_columnar,medium,14,5,19.6,3.0,59.0,4,16,2.0,3.0,1.0,1.0,1.0,0.02,0.1,0.28,0.65,1.0,0.45,0.7,0.118,0.615,0.5,109.0,1142.0,0.1,low,1.0,2.2,0.78,3.6,1.0,60,36,2160,900,0.6,0.75,0.5,0.1,1,0.79,1,1,1,1,0.85,0.79,0.75,900,500,1500,600,400,250,2250,5150,150,EST,EST,LIT_DERIVED,EST,LIT_DERIVED,LIT_DERIVED,LIT,EST,EST,EST,LIT_DERIVED,morphology;phenology;pm_removal_model;water;survival;cost
KARANJ,Karanj,Indian beech,Pongamia pinnata,semi-evergreen,spreading,fast,15,11,95.0,4.0,380.0,9,81,4.0,5.5,0.85,0.9,0.883,0.03,0.15,0.4,0.85,1.0,0.55,0.7,0.133,0.685,0.5,702.0,7254.0,0.45,medium,1.1,2.3,0.78,4.3,1.0,60,36,2160,900,0.75,0.85,0.8,0.5,0,0.5,0,1,1,0,0.85,0.79,0.75,800,500,1500,600,400,250,2250,5050,150,EST,EST,LIT_DERIVED,EST,EST,LIT,EST,EST,EST,EST,EST,morphology;phenology;pm_removal_model;tolerance;cooling;water;survival;cost;suitability
KACHNAR,Kachnar,Orchid tree,Bauhinia variegata,deciduous,rounded_open,medium,8,6,28.3,2.5,71.0,5,25,2.5,3.0,0.4,0.85,0.7,0.02,0.1,0.28,0.65,1.0,0.45,0.5,0.118,0.615,0.5,92.0,960.0,0.5,medium_high_lowconf,0.6,1.3,0.61,2.5,0.9,54,36,1944,810,0.6,0.7,0.4,0.2,1,0.74,1,1,1,1,0.75,0.7,0.66,900,500,1500,570,380,238,2140,5040,142,EST,EST,EST,EST,EST,LIT_DERIVED,EST,EST,EST,EST,LIT_DERIVED,morphology;phenology;pm_capture;pm_removal_model;tolerance;cooling;water;survival;cost
CHHATIM,Chhatim,Saptaparni / blackboard tree,Alstonia scholaris,evergreen,conical_layered,medium,20,8,50.3,4.0,201.0,6,36,3.0,4.0,1.0,1.0,1.0,0.02,0.1,0.28,0.65,1.0,0.75,0.65,0.162,0.825,0.5,515.0,5231.0,0.05,none_detected,1.0,2.1,0.86,4.8,1.1,66,36,2376,990,0.5,0.7,0.6,0.3,0,0.4,1,1,1,1,0.78,0.73,0.69,1000,500,1500,630,420,262,2360,5360,158,EST,EST,LIT_DERIVED,EST,LIT_DERIVED,LIT,EST,EST,EST,EST,EST,morphology;phenology;pm_removal_model;cooling;water;survival;cost;suitability
PEEPAL,Peepal,Sacred fig,Ficus religiosa,semi-deciduous,broad_spreading,medium,25,15,176.7,4.5,795.0,12,144,6.0,7.5,0.75,0.9,0.85,0.02,0.1,0.28,0.65,1.0,0.75,0.9,0.162,0.825,0.5,1732.0,17586.0,1.0,high,1.2,2.5,0.81,4.9,1.0,60,36,2160,900,0.7,0.85,0.6,0.9,1,0.88,0,1,1,0,0.88,0.82,0.77,1100,500,1500,600,400,250,2250,5350,150,EST,EST,LIT_DERIVED,EST,LIT_DERIVED,LIT,EST,EST,EST,EST,LIT_DERIVED,morphology;phenology;pm_removal_model;cooling;water;survival;cost
PILKHAN,Pilkhan,Pilkhan / white fig,Ficus virens,semi-deciduous,broad_spreading,medium,20,14,153.9,4.5,693.0,12,144,6.0,7.0,0.8,0.9,0.867,0.02,0.1,0.28,0.65,1.0,0.8,0.8,0.17,0.86,0.5,1609.0,16282.0,0.85,high,1.2,2.5,0.81,4.9,1.0,60,36,2160,900,0.7,0.8,0.6,0.9,1,0.84,0,1,1,0,0.85,0.79,0.75,1100,500,1500,600,400,250,2250,5350,150,EST,EST,EST,EST,EST,LIT_DERIVED,EST,EST,EST,EST,LIT_DERIVED,morphology;phenology;pm_capture;pm_removal_model;tolerance;cooling;water;survival;cost
JAMUN,Jamun,Jamun,Syzygium cumini,evergreen,dense_rounded,medium,20,12,113.1,5.0,565.0,10,100,5.0,6.0,1.0,1.0,1.0,0.02,0.1,0.28,0.65,1.0,0.55,0.6,0.133,0.685,0.5,1181.0,12216.0,0.5,medium,1.2,2.5,0.92,6.0,1.3,78,36,2808,1170,0.5,0.8,0.8,0.4,1,0.76,0,1,1,0,0.78,0.73,0.69,1000,500,1500,690,460,288,2590,5590,172,EST,EST,LIT_DERIVED,EST,EST,LIT,EST,EST,EST,EST,LIT_DERIVED,morphology;phenology;pm_removal_model;tolerance;cooling;water;survival;cost
SHEESHAM,Sheesham,Shisham / Indian rosewood,Dalbergia sissoo,deciduous,open_rounded,fast,20,10,78.5,3.0,236.0,8,64,3.5,5.0,0.4,0.8,0.667,0.03,0.15,0.4,0.85,1.0,0.6,0.8,0.14,0.72,0.5,347.0,3567.0,0.4,medium_unverified,0.8,1.7,0.62,2.9,0.9,54,36,1944,810,0.8,0.85,0.6,0.5,1,0.88,1,1,1,0,0.8,0.74,0.7,700,500,1500,570,380,238,2140,4840,142,EST,EST,LIT_DERIVED,EST,LIT_DERIVED,EST,EST,EST,EST,EST,LIT_DERIVED,morphology;phenology;pm_removal_model;bvoc;cooling;water;survival;cost
IMLI,Imli,Tamarind,Tamarindus indica,semi-evergreen,dense_rounded,slow,18,12,113.1,5.0,565.0,10,100,5.0,6.0,0.9,0.95,0.933,0.01,0.05,0.15,0.45,0.9,0.45,0.7,0.118,0.615,0.5,978.0,10236.0,0.15,low,1.2,2.5,0.87,5.7,0.7,42,36,1512,630,0.9,0.9,0.4,0.3,1,0.9,0,1,1,0,0.8,0.74,0.7,1000,500,1500,510,340,212,1910,4910,128,EST,EST,EST,EST,EST,LIT_DERIVED,EST,EST,EST,EST,LIT_DERIVED,morphology;phenology;pm_capture;pm_removal_model;tolerance;cooling;water;survival;cost
BAEL,Bael,Bael patra,Aegle marmelos,deciduous,small_open,slow,10,6,28.3,2.5,71.0,5,25,2.5,3.0,0.95,0.7,0.783,0.01,0.05,0.15,0.45,0.9,0.55,0.65,0.133,0.685,0.5,116.0,1196.0,0.15,low,0.5,1.1,0.5,2.1,0.7,42,36,1512,630,0.9,0.9,0.4,0.2,1,0.89,1,1,1,1,0.78,0.73,0.69,800,500,1500,510,340,212,1910,4710,128,EST,EST,LIT_DERIVED,EST,EST,LIT_DERIVED,EST,EST,EST,EST,LIT_DERIVED,morphology;phenology;pm_removal_model;tolerance;cooling;water;survival;cost
